instagram;iNaturalist;entrada;primeiro_post;ultimo_post;registros;especies;curso;reg_antes_apos_curso;registros_pre_curso;registros_pos_curso;registrou;tempo_no_IN;tempo_primeiro_post;tempo_ativo
;adalbertoserafimquintal;28/04/2019;08/03/2020;08/03/2020;1;0;;;;;Sim;1685;315;0
;adassoler;22/05/2020;22/05/2020;12/06/2023;4;3;;;;;Sim;1295;0;1116
;adelmoodesouza;23/08/2015;23/08/2015;07/03/2020;1;1;;;;;Sim;3029;0;1658
;ademirxavierdias;26/06/2022;26/06/2022;19/04/2023;3;0;;;;;Sim;530;0;297
;adilsonbezerra;25/04/2020;25/04/2020;05/06/2020;1;1;;;;;Sim;1322;0;41
;admircjr;25/05/2023;25/05/2023;08/09/2023;2;2;;;;;Sim;197;0;106
;adrianagomes;11/06/2023;11/06/2023;11/06/2023;1;1;;;;;Sim;180;0;0
;afonso38;14/07/2022;23/12/2022;23/12/2022;1;1;;;;;Sim;512;162;0
;ajluz;29/11/2018;29/11/2018;22/09/2022;10;5;;;;;Sim;1835;0;1393
;alessandra87;28/10/2018;28/10/2018;04/05/2019;1;0;;;;;Sim;1867;0;188
;alessandro_terra_paes;22/05/2020;25/07/2021;20/08/2022;1;1;;;;;Sim;1295;429;391
;alexsandro6;23/11/2020;27/11/2020;27/11/2020;1;0;;;;;Sim;1110;4;0
alicereis16;alicereis16;14/04/2023;02/06/2023;01/08/2023;12;4;;;;;Sim;238;49;60
;alineporto;06/07/2019;06/07/2019;06/07/2019;1;0;;;;;Sim;1616;0;0
;allan323;20/05/2022;20/05/2022;10/01/2023;1;1;;;;;Sim;567;0;235
;allanis;07/11/2022;07/11/2022;13/09/2023;6;0;;;;;Sim;396;0;310
;almir_herms;15/01/2021;20/01/2021;20/01/2021;2;1;;;;;Sim;1057;5;0
;amanda_santos1;10/05/2021;10/05/2021;02/01/2023;1;0;;;;;Sim;942;0;602
;amanda2595;26/04/2022;26/04/2022;26/04/2022;2;0;;;;;Sim;591;0;0
;amaro3;24/10/2021;24/10/2021;24/10/2021;1;1;;;;;Sim;775;0;0
;ana_angelica;19/10/2021;19/10/2021;19/10/2021;1;1;;;;;Sim;780;0;0
;ana_paula12;18/01/2021;03/02/2023;23/08/2023;3;3;;;;;Sim;1054;746;201
ana___valadares;ana2472;31/05/2023;31/05/2023;28/06/2023;23;17;;;;;Sim;191;0;28
;ana2472;31/05/2023;31/05/2023;28/06/2023;21;9;;;;;Sim;191;0;28
;ana667;14/12/2019;14/12/2019;14/12/2019;6;4;;;;;Sim;1455;0;0
;analeticiagds;29/06/2023;29/06/2023;30/06/2023;5;3;;;;;Sim;162;0;1
;analuciajardim;26/07/2020;20/09/2020;20/09/2020;1;1;;;;;Sim;1230;56;0
;andrehronzani;25/10/2022;28/10/2022;23/11/2023;1;1;;;;;Sim;409;3;391
;andressa90;21/11/2022;21/11/2022;21/11/2022;1;0;;;;;Sim;382;0;0
;andressatito;13/03/2021;13/03/2021;30/01/2022;3;2;;;;;Sim;1000;0;323
;andrey169;13/07/2022;07/08/2022;06/11/2023;1;1;;;;;Sim;513;25;456
;angela2000;12/05/2023;14/05/2023;20/05/2023;1;0;;;;;Sim;210;2;6
;anniecruz;16/10/2018;16/10/2018;16/10/2018;1;1;;;;;Sim;1879;0;0
;antoniobordignon;02/09/2022;02/09/2022;28/02/2023;5;4;;;;;Sim;462;0;179
;arneholgersson;31/12/2018;31/12/2018;23/11/2023;1;1;;;;;Sim;1803;0;1788
;arthurwsl;30/06/2023;30/06/2023;30/06/2023;1;1;;;;;Sim;161;0;0
;asato;28/05/2015;28/05/2015;28/05/2015;1;0;;;;;Sim;3116;0;0
;atillaferreguetti;21/08/2021;21/08/2021;22/11/2021;4;2;;;;;Sim;839;0;93
;attila21;20/12/2019;20/12/2019;01/12/2023;2;1;;;;;Sim;1449;0;1442
barroqueslais;barroques;06/06/2022;;;;;;;;;;550;;                       
_beabio;beabio_;01/04/2021;01/04/2021;09/03/2023;24;12;;;;;Sim;981;0;707
;beport;31/10/2021;02/11/2021;05/11/2021;1;0;;;;;Sim;768;2;3
;bernardo40;11/05/2019;11/05/2019;11/05/2019;1;1;;;;;Sim;1672;0;0
;bernardo77;26/03/2021;26/03/2021;12/01/2023;10;6;;;;;Sim;987;0;657
;beth753;13/03/2022;13/03/2022;13/03/2022;1;0;;;;;Sim;635;0;0
;biologohenrique;10/11/2021;10/11/2021;10/11/2021;1;0;;;;;Sim;758;0;0
rafa_biologia;biorafa14;31/10/2021;30/12/2023;30/12/2023;91;73;;;;;Sim;768;790;0
brayozoa;brayozoa;23/11/2023;25/11/2023;25/11/2023;13;12;;;;;Sim;15;2;0
brennogbarros;brenno13;03/04/2023;;;;;;;;;;249;                                  ;                        
;bruna79274;04/11/2023;04/11/2023;04/11/2023;1;1;;;;;Sim;34;0;0
;bruno_stellet;27/03/2021;27/03/2021;20/01/2022;11;7;;;;;Sim;986;0;299
;brunobio;22/11/2021;29/11/2021;25/10/2022;3;1;;;;;Sim;746;7;330
;brunoornitologia;11/09/2018;11/09/2018;06/11/2023;4;4;;;;;Sim;1914;0;1882
;caiobastos;12/01/2020;14/01/2020;28/05/2023;50;10;;;;;Sim;1426;2;1230
;caiocaetano98;15/12/2022;17/12/2022;17/12/2022;4;4;;;;;Sim;358;0;0
;caiocrelier;29/07/2020;29/07/2020;05/11/2023;90;31;;;;;Sim;1227;0;1194
;caiodiasbio;07/04/2023;30/04/2023;30/11/2023;19;9;;;;;Sim;245;23;214
;callithrix_np;17/05/2020;17/05/2020;22/11/2023;26;13;;;;;Sim;1300;0;1284
;cameronramsey;20/04/2019;20/04/2019;04/11/2023;1;1;;;;;Sim;1693;0;1659
camilatotti_;camila_totti;05/01/2021;05/01/2021;02/05/2022;5;3;;;;;Sim;1067;0;482
cammcordeiro;cammcordeiro;04/11/2015;29/09/2020;30/06/2023;15;3;;;;;Sim;2956;1791;1004
camylafv;camylafv;09/02/2022;11/02/2022;02/07/2022;9;6;;;;;Sim;;2;141
;carlos_moura;01/09/2021;01/09/2021;20/04/2023;2;2;;;;;Sim;828;0;544
;carlosvidigal;20/08/2019;13/11/2019;02/12/2023;1;1;;;;;Sim;1571;85;1480
;carolaraujo81;08/09/2023;08/09/2023;10/09/2023;2;1;;;;;Sim;91;0;2
;carolviiv;;;;;;12/02/2023;;;;;;;
caryne_braga;caryne;08/04/2021;;;;;;;;;;974;;
;ccostah;11/08/2019;28/12/2019;30/11/2023;1;1;;;;;Sim;1580;139;1433
;cidawerneck;18/10/2019;18/10/2019;08/11/2023;1;1;;;;;Sim;1512;0;1482
;cketherin_costa;28/10/2020;28/10/2020;26/08/2023;7;5;;;;;Sim;1136;0;1032
clairpxt;clairpxt;20/05/2023;28/05/2023;12/11/2023;32;16;;;;;Sim;;8;168
;clairpxt;20/05/2023;28/05/2023;12/11/2023;32;16;;;;;Sim;202;8;168
;clara303;13/05/2021;13/05/2021;25/10/2021;1;0;;;;;Sim;939;0;165
;claradeca;31/08/2023;31/08/2023;31/08/2023;2;2;;;;;Sim;99;0;0
;claudiomartins;06/04/2019;04/06/2019;27/11/2023;106;79;;;;;Sim;1707;59;1637
;constantinoferreira;07/06/2022;02/07/2022;12/06/2023;1;0;;;;;Sim;549;25;345
;cpa-tiatelinda;28/10/2023;28/10/2023;22/11/2023;6;2;;;;;Sim;41;0;25
;criscolodel;30/11/2020;02/12/2020;12/03/2023;1;1;;;;;Sim;1103;2;830
carolina_verdan;cverdan11;07/06/2023;07/06/2023;12/06/2023;11;2;;;;;Sim;;0;5
;cverdan11;07/06/2023;07/06/2023;12/06/2023;11;2;;;;;Sim;184;0;5
;daniel17375bio;15/09/2023;15/09/2023;27/09/2023;6;2;;;;;Sim;84;0;12
;daniel3465;27/11/2021;27/11/2021;27/11/2021;1;0;;;;;Sim;741;0;0
;daniel5514;02/03/2023;02/03/2023;19/09/2023;1;1;;;;;Sim;281;0;201
;danielweberling;10/03/2020;20/01/2023;20/01/2023;1;0;;;;;Sim;1368;1046;0
;danillo7;07/09/2022;12/11/2022;12/11/2022;1;1;;;;;Sim;457;66;0
;danmhaddad;14/07/2020;01/11/2020;20/11/2023;4;3;;;;;Sim;1242;110;1114
david.pdutra;david_paulo;11/12/2022;09/04/2023;09/04/2023;1;0;12/02/2023;Antes do curso;1;0;Sim;362;119;0
;dayse5;23/10/2021;23/10/2021;27/04/2022;2;0;;;;;Sim;776;0;186
diasleticia.m;diasleticia;28/05/2023;01/06/2023;22/09/2023;251;108;12/02/2023;;;;Sim;194;4;113
;diego_nunes;14/02/2021;10/03/2021;15/10/2022;4;3;;;;;Sim;1027;24;584
;diegojsantana;27/12/2020;28/12/2020;01/10/2023;5;3;;;;;Sim;1076;1;1007
;diegomartins;09/09/2020;09/09/2020;09/09/2020;1;0;;;;;Sim;1185;0;0
;dimgripp;22/06/2014;29/07/2020;11/01/2021;1;1;;;;;Sim;3456;2229;166
;diogoluiz;15/06/2019;15/06/2019;22/11/2023;42;31;;;;;Sim;1637;0;1621
val.diphylleiagrayi;diphylleiagrayi;12/04/2022;12/04/2022;08/10/2023;115;50;13/05/2023;;;;Sim;605;0;544
;edson102;04/07/2022;04/07/2022;04/07/2022;1;1;;;;;Sim;522;0;0
;eduardo901;28/11/2021;28/11/2021;17/05/2023;11;2;;;;;Sim;740;0;535
;edvandroabreuribeiro;05/01/2021;05/01/2021;30/11/2023;24;15;;;;;Sim;1067;0;1059
;eider_siqueira;06/06/2021;06/06/2021;06/06/2021;2;1;;;;;Sim;915;0;0
eloahsaintclair;eloahsaintclair;12/08/2022;13/05/2023;16/12/2023;5;5;13/05/2023;Depos do curso;0;5;Sim;483;274;491
;eric_goncalves_moraes;29/11/2020;29/11/2020;29/11/2020;1;0;;;;;Sim;1104;0;0
;evellin1;04/11/2021;04/11/2021;04/11/2021;8;3;;;;;Sim;764;0;0
;evely1;14/04/2021;14/04/2021;14/04/2021;1;1;;;;;Sim;968;0;0
;fabriceprugnaud;22/09/2018;28/09/2019;20/11/2023;2;1;;;;;Sim;1903;371;1514
;fabricio117;19/04/2023;05/06/2023;24/11/2023;30;15;;;;;Sim;233;47;172
;fazmatadoscocais;11/06/2019;07/07/2019;07/07/2019;1;0;;;;;Sim;1641;26;0
;felipe373;20/10/2020;20/10/2020;20/10/2020;1;0;;;;;Sim;1144;0;0
;felipe879;12/04/2023;21/06/2023;29/06/2023;2;1;;;;;Sim;240;70;8
;felipemarron;30/04/2020;30/04/2020;30/04/2020;1;0;;;;;Sim;1317;0;0
nandaporifera;fernanda_azevedo;06/12/2021;21/01/2022;31/01/2023;63;39;;;;;Sim;732;46;375
;flavio3;28/05/2015;28/05/2015;05/07/2016;1;1;;;;;Sim;3116;0;404
;flaviocbatista;29/07/2018;29/07/2018;29/07/2018;1;0;;;;;Sim;1958;0;0
;flaviomendes;07/04/2018;07/04/2018;30/11/2023;19;15;;;;;Sim;2071;0;2063
;frederico_abreu;06/02/2022;08/02/2022;14/02/2022;3;2;;;;;Sim;670;2;6
;fredericosantosmachado;25/05/2020;27/01/2021;02/12/2023;1;1;;;;;Sim;1292;247;1039
;frederik99;27/06/2020;09/07/2020;02/10/2023;2;2;;;;;Sim;1259;12;1180
;frednc22;21/01/2020;21/01/2020;24/01/2020;3;1;;;;;Sim;1417;0;3
;gabcolonese;13/09/2020;13/09/2020;17/07/2022;6;4;;;;;Sim;1181;0;672
;gabriel_motomura;25/06/2021;25/06/2021;28/01/2023;1;0;;;;;Sim;896;0;582
;gabriel_santos;14/10/2019;15/10/2019;10/10/2023;3;3;;;;;Sim;1516;1;1456
;gabriel236;11/11/2018;11/11/2018;11/11/2018;1;1;;;;;Sim;1853;0;0
;gabriela_maite;18/05/2023;18/05/2023;20/10/2023;17;10;;;;;Sim;204;0;155
;gabrielabonfim;24/04/2020;24/04/2020;28/11/2023;2;2;;;;;Sim;1323;0;1313
gajovencio;gabrieljovencio;03/04/2023;04/03/2023;13/11/2023;433;191;02/12/2023;Antes do curso;474;21;Sim;249;0;224
;gabrielly0908;14/04/2023;14/04/2023;30/06/2023;23;7;;;;;Sim;238;0;77
gabriellymaria;gabriellymaria;04/04/2023;29/06/2023;29/06/2023;1;1;;;;;Sim;248;86;0
;gabrielvighetto;10/05/2020;13/06/2020;19/11/2021;1;0;;;;;Sim;1307;34;524
;gaspar_repteis;16/04/2023;16/04/2023;16/04/2023;1;1;;;;;Sim;236;0;0
;gdelhaye;22/07/2019;22/07/2019;02/12/2023;1;0;;;;;Sim;1600;0;1594
genasciment_;genasciment_;13/05/2023;13/05/2023;13/05/2023;6;5;13/05/2023;Depos do curso;0;6;Sim;209;0;0
;geraldo28;25/06/2022;15/07/2023;15/07/2023;1;1;;;;;Sim;531;385;0
;gilmarcbj;26/05/2023;26/05/2023;29/06/2023;2;0;;;;;Sim;196;0;34
;giovana50;04/07/2022;04/07/2022;04/07/2022;1;1;;;;;Sim;522;0;0
;graziflorindo;03/12/2021;03/12/2021;26/11/2023;62;25;;;;;Sim;735;0;723
;grhifen;27/07/2023;15/08/2023;22/10/2023;2;1;;;;;Sim;134;19;68
;guerrante;18/01/2022;18/01/2022;18/11/2023;1;0;;;;;Sim;689;0;669
;guiiscoo;14/11/2020;12/12/2020;29/06/2023;52;22;;;;;Sim;1119;28;929
;guilherme_lc;27/12/2022;29/12/2022;10/09/2023;1;1;;;;;Sim;346;2;255
;gustavo547;04/01/2022;04/01/2022;04/01/2022;1;1;;;;;Sim;703;0;0
;gustavohenrique1;14/05/2019;09/11/2020;28/11/2023;2;2;;;;;Sim;1669;545;1114
;gustavooow26;13/05/2023;13/05/2023;01/08/2023;2;1;;;;;Sim;209;0;80
;gyovana;29/06/2022;14/11/2022;25/07/2023;22;7;;;;;Sim;527;138;253
;hebert_gabriel;21/09/2021;21/09/2021;21/09/2021;1;0;;;;;Sim;808;0;0
;heitorpsc;21/08/2020;21/08/2020;16/01/2022;29;13;;;;;Sim;1204;0;513
;heniosup;07/06/2022;23/09/2023;23/11/2023;4;4;;;;;Sim;549;473;61
;henrique48;12/05/2020;12/05/2020;12/05/2020;1;0;;;;;Sim;1305;0;0
;henriquemoutinho;26/03/2019;26/03/2019;18/11/2023;48;43;;;;;Sim;1718;0;1698
herpetonogueira;herpetonogueira;23/06/2011;24/06/2011;18/11/2023;165;87;;;;;Sim;4551;1;4530
;hiego;23/02/2019;23/02/2019;28/02/2019;2;2;;;;;Sim;1749;0;5
;hugo_aguiar;14/12/2021;14/12/2021;14/12/2021;1;1;;;;;Sim;724;0;0
;iasmin4;28/08/2021;28/08/2021;09/09/2021;1;0;;;;;Sim;832;0;12
;im.eduardq;;;;;;12/02/2023;;;;;;;
Inara Campista de Andrade;inara10;13/05/2023;13/05/2023;13/05/2023;1;;;Depos do curso;0;1;Sim;209;0;0
;ines_santos;03/11/2020;03/11/2020;24/09/2023;14;7;;;;;Sim;1130;0;1055
ingridmonzato;ingrid536;13/05/2023;13/05/2023;08/06/2023;4;1;13/05/2023;Depos do curso;0;5;Sim;209;0;26
;insect_ed;10/04/2022;10/04/2022;24/04/2023;1;1;;;;;Sim;607;0;379
;isabel_lima1;14/01/2022;14/01/2022;20/09/2022;1;0;;;;;Sim;693;0;249
;isabel81463;29/06/2023;11/09/2023;17/10/2023;2;0;;;;;Sim;162;74;36
;isabelportugal;12/05/2022;12/05/2022;09/07/2022;1;1;;;;;Sim;575;0;58
;itwk;26/09/2022;26/09/2022;05/12/2023;1;0;;;;;Sim;438;0;435
;ivanpessanha;12/05/2020;05/11/2020;07/11/2023;195;81;;;;;Sim;1305;177;1097
;izabellafertunes;21/10/2021;21/10/2021;25/10/2021;3;2;;;;;Sim;778;0;4
;jacanteros;31/01/2016;31/01/2016;17/11/2023;2;1;;;;;Sim;2868;0;2847
;jacobira;11/05/2022;16/05/2022;18/08/2023;22;21;;;;;Sim;576;5;459
;jane455;19/07/2020;19/07/2020;19/07/2020;1;0;;;;;Sim;1237;0;0
janne_lis;janne_;15/08/2022;30/09/2022;13/05/2023;1;6;;;;;Sim;;46;225
jaque_wagen;jaqueline16163;25/09/2023;;;;;;;;;;74;;
;jeancomjota;16/11/2020;08/12/2021;14/11/2023;8;5;;;;;Sim;1117;387;706
;jeffersonleandro;02/11/2019;02/11/2019;02/11/2019;1;1;;;;;Sim;1497;0;0
;joao_bezerra;04/01/2022;04/01/2022;28/10/2023;3;2;;;;;Sim;703;0;662
;joao431;21/10/2022;21/12/2022;08/06/2023;8;1;;;;;Sim;413;61;169
;joaokkjk;04/07/2022;04/07/2022;04/07/2022;1;1;;;;;Sim;522;0;0
jocianefrans;jociane_franca_da_silva;22/05/2021;22/05/2021;22/05/2021;1;1;02/12/2023;Antes do curso;1;0;Sim;930;0;0
joicechagas;joice10;30/07/2020;30/07/2020;30/07/2020;1;0;;;;;Sim;;0;0
;joice10;30/07/2020;30/07/2020;30/07/2020;1;0;;;;;Sim;1226;0;0
;joo126;11/05/2020;11/05/2020;11/05/2020;1;0;;;;;Sim;1306;0;0
;joopedrosalgado;29/09/2019;25/12/2019;27/07/2020;2;2;;;;;Sim;1531;87;215
;jorgeleite;16/01/2023;16/01/2023;01/12/2023;5;4;;;;;Sim;326;0;319
;jose_ricardo1;22/07/2021;22/07/2021;22/07/2021;1;0;;;;;Sim;869;0;0
;jssica9;05/09/2018;03/02/2021;06/07/2022;1;0;;;;;Sim;1920;882;518
juand1211;juan218;08/01/2018;08/01/2018;19/01/2019;35;2;;;;;Sim;2160;0;376
;jubertdownzon;04/06/2023;05/06/2023;13/11/2023;21;6;;;;;Sim;187;1;161
;jubia;27/01/2017;27/01/2017;27/01/2017;1;1;;;;;Sim;2506;0;0
julia.calanca;juliacalanca;25/10/2023;;;;;;;;;;44;;
;juliagms21;02/06/2022;02/06/2022;20/06/2023;29;13;;;;;Sim;554;0;383
;juliaju;04/11/2019;09/11/2019;02/02/2021;8;6;;;;;Sim;1495;5;451
;juliana_mafort;30/01/2022;30/01/2022;30/01/2022;1;0;;;;;Sim;677;0;0
;juliana2507;20/05/2022;20/05/2022;25/05/2022;3;1;;;;;Sim;567;0;5
;julianathomazini;13/10/2019;13/10/2019;20/06/2023;4;2;;;;;Sim;1517;0;1346
;juliathedim;02/11/2021;24/04/2022;01/09/2023;2;1;;;;;Sim;766;173;495
;julio_couto;06/04/2023;04/07/2023;13/05/2023;7;4;;;;;Sim;246;89;36
;julioalmeida;04/05/2020;04/05/2020;30/11/2023;129;45;;;;;Sim;1313;0;1305
;juliomagalhes;11/09/2020;11/09/2020;14/10/2023;10;5;;;;;Sim;1183;0;1128
jvrfraga;jvrfraga;30/01/2022;30/10/2022;30/01/2022;1;0;;;;;Sim;677;0;0
;kahptain;30/08/2023;30/08/2023;21/11/2023;1;1;;;;;Sim;100;0;83
;kaiomacedo;31/01/2020;31/01/2020;11/02/2021;6;3;;;;;Sim;1407;0;377
;kalki_pinheiro;14/05/2021;14/05/2021;12/06/2022;79;58;;;;;Sim;938;0;571
;karinacarvalho;13/05/2023;13/05/2023;25/07/2023;4;3;;;;;Sim;209;0;73
;karine80;10/01/2020;14/01/2020;10/01/2021;3;0;;;;;Sim;1428;4;362
;karolinegabriele;10/09/2018;15/09/2018;17/09/2018;1;0;;;;;Sim;1915;5;2
;kaua_batista;13/12/2021;13/12/2021;03/12/2023;14;10;;;;;Sim;725;0;720
;kayky1;13/05/2023;13/05/2023;25/09/2023;3;2;;;;;Sim;209;0;135
kaylane.almeida;kaylanealmeida;12/04/2023;02/06/2023;30/06/2023;13;4;;;;;Sim;240;51;28
kerensoares_;keren_soares2003;21/05/2023;07/06/2023;30/07/2023;12;5;;;;;Sim;201;17;53
;krenakpx;04/07/2021;04/07/2021;20/10/2023;4;1;;;;;Sim;887;0;838
;Laiz Brilhante;;;;;;12/02/2023;;;;;;;
;larokin;19/11/2019;19/11/2019;22/03/2023;20;14;;;;;Sim;1480;0;1219
;leandroschuvartz;30/12/2019;02/01/2020;09/08/2021;10;7;;;;;Sim;1439;3;585
;leinadesil;06/10/2020;06/10/2020;06/10/2020;1;0;;;;;Sim;1158;0;0
;leo201;05/11/2019;06/11/2019;25/02/2020;4;2;;;;;Sim;1494;1;112
;leo496;09/04/2022;09/04/2022;10/09/2023;2;0;;;;;Sim;608;0;519
;leonardo262;18/01/2020;18/01/2020;10/07/2021;5;2;;;;;Sim;1420;0;539
;leonardopires;13/12/2018;13/12/2018;13/12/2018;1;0;;;;;Sim;1821;0;0
lethicya_motta_;lethiciamotta;07/06/2023;07/06/2023;30/06/2023;22;11;;;;;Sim;;0;23
lethsleh;lethsleh;16/09/2023;16/09/2023;28/11/2023;8;3;12/02/2023;;;;Sim;83;0;73
;leticiavasques;26/09/2022;26/09/2022;26/09/2022;1;1;;;;;Sim;438;0;0
;levi191;05/05/2023;05/05/2023;02/08/2023;22;6;;;;;Sim;217;0;89
;lirajr;27/09/2019;27/09/2019;25/07/2023;1;1;;;;;Sim;1533;0;1397
;livia119;04/07/2022;04/07/2022;04/07/2022;1;1;;;;;Sim;522;0;0
ljtcardoso;ljtcardoso;25/07/2021;25/07/2021;22/05/2023;472;266;13/05/2023;;;;Sim;866;0;666
;lohansantos;04/03/2020;04/03/2020;18/11/2023;1;1;;;;;Sim;1374;0;1354
;lorram;06/02/2020;06/02/2020;27/08/2023;4;1;;;;;Sim;1401;0;1298
;lrmont;24/04/2023;24/04/2023;30/04/2023;1;1;;;;;Sim;228;0;6
larissasouzasg;lrssgxx;02/12/2023;;;;;02/12/2023;;;;;6;;
;luanamauad;25/07/2021;25/07/2021;25/07/2021;1;0;;;;;Sim;866;0;0
;lucasrocha;21/01/2019;21/01/2019;10/09/2020;5;4;;;;;Sim;1782;0;598
;luciana_mirapalhete;27/03/2022;27/03/2022;27/03/2022;2;1;;;;;Sim;621;0;0
;luciana26;05/08/2018;05/08/2018;03/12/2020;8;4;;;;;Sim;1951;0;851
;luis_felipe_carvalho;20/02/2021;21/02/2021;25/10/2023;3;0;;;;;Sim;1021;1;977
;luisandre;01/09/2022;01/09/2022;01/09/2022;1;1;;;;;Sim;463;0;0
;luiz_carlos;13/10/2020;13/10/2020;13/10/2020;1;0;;;;;Sim;1151;0;0
;luizcury;02/04/2020;02/04/2020;02/04/2020;1;1;;;;;Sim;1345;0;0
;lulatred;10/01/2023;10/01/2023;18/10/2023;6;3;;;;;Sim;332;0;281
;luma_coelho;27/07/2021;28/07/2021;08/07/2023;1;0;;;;;Sim;864;1;710
;macajorge;10/08/2021;10/08/2021;10/08/2021;1;0;;;;;Sim;850;0;0
;madalenaecoturismo;30/11/2019;01/12/2019;17/12/2022;8;2;;;;;Sim;1469;1;1112
;maduscia;20/06/2020;13/07/2020;23/07/2021;11;5;;;;;Sim;1266;23;375
;maisa21;13/05/2023;13/05/2023;20/10/2023;2;1;;;;;Sim;209;0;160
;marcelobrotto;09/06/2018;18/06/2018;03/11/2023;1;1;;;;;Sim;2008;9;1964
;marcelomachado;28/04/2019;28/04/2019;30/09/2019;1;0;;;;;Sim;1685;0;155
;marcelomadeira;17/05/2023;05/06/2023;10/07/2023;75;29;;;;;Sim;205;19;35
;marcia_batista;08/08/2021;08/08/2021;06/11/2021;3;0;;;;;Sim;852;0;90
;marco_sena;28/08/2021;28/08/2021;02/12/2023;6;3;;;;;Sim;832;0;826
;marcoapedro;27/01/2020;27/01/2020;02/09/2020;1;0;;;;;Sim;1411;0;219
;marcos_eduardo;17/01/2021;29/01/2022;06/07/2022;4;3;;;;;Sim;1055;377;158
;marcos138;12/10/2019;12/10/2019;12/10/2019;3;3;;;;;Sim;1518;0;0
;maria_aparecida2;02/06/2021;02/06/2021;02/06/2021;2;0;;;;;Sim;919;0;0
Maria Fernanda Falcão;maria_fernanda199;13/05/2023;;;;;13/05/2023;;;;;209;;
;maria199999;13/05/2023;13/05/2023;01/06/2023;4;2;;;;;Sim;209;0;19
;mariana-chiesa;24/04/2021;08/07/2021;05/07/2022;1;0;;;;;Sim;958;75;362
;mariana345;23/05/2020;23/05/2020;23/05/2020;1;0;;;;;Sim;1294;0;0
marianna__cs;marianna_c_santos;13/05/2023;13/05/2023;14/10/2023;23;14;13/05/2023;Depos do curso;0;25;Sim;209;0;154
;mateus_vasconcelos;29/07/2022;02/01/2023;25/01/2023;1;1;;;;;Sim;497;157;23
;matheus_guimaraes;16/04/2021;16/04/2021;16/04/2021;2;0;;;;;Sim;966;0;0
;matheussoares1;13/01/2020;31/01/2020;12/08/2023;1;1;;;;;Sim;1425;18;1289
maycruzn;mayracruzbio;13/05/2023;;;;;13/05/2023;;;;;209;;
mcrisgag;mcrisgag;19/04/2023;13/05/2023;14/05/2023;22;10;;;;;Sim;;24;1
;md-in-ns15;17/03/2018;17/03/2018;02/12/2023;4;4;;;;;Sim;2092;0;2086
;meu_diario_da_natureza;19/04/2022;19/04/2022;29/06/2023;1;0;;;;;Sim;598;0;436
;micaelrodrigues;05/05/2023;05/05/2023;27/08/2023;40;32;;;;;Sim;217;0;591
;michelotto;19/07/2018;20/07/2018;02/12/2023;2;2;;;;;Sim;1968;1;1961
;miguelrelvas31;11/06/2022;11/06/2022;29/11/2023;2;2;;;;;Sim;545;0;536
;milenaviana;27/11/2023;27/11/2023;27/11/2023;1;0;;;;;Sim;11;0;0
;millerpessanha;14/11/2022;14/11/2022;21/12/2023;13;8;;;;;Sim;389;0;402
;mirzabenine;10/04/2020;10/04/2020;10/04/2020;1;0;;;;;Sim;1337;0;0
;mitidi;25/05/2020;25/05/2020;17/11/2023;75;60;;;;;Sim;1292;0;1271
;mmlsrj;30/12/2018;30/12/2018;22/02/2019;1;0;;;;;Sim;1804;0;54
;monica792;27/09/2021;28/09/2021;09/11/2023;1;0;;;;;Sim;802;1;772
;monique381;04/07/2022;04/07/2022;04/07/2022;2;1;;;;;Sim;522;0;0
;monteiro_alves;09/04/2022;09/04/2022;09/04/2022;1;0;;;;;Sim;608;0;0
;moopellegrini;01/04/2019;02/04/2019;26/04/2021;4;1;;;;;Sim;1712;1;755
;morena_nava;15/12/2021;18/12/2021;16/09/2023;1;1;;;;;Sim;723;3;637
;mpaixao;25/01/2023;19/05/2023;09/09/2023;41;31;;;;;Sim;317;114;113
;msmarcosalmeida;28/01/2023;27/03/2023;27/03/2023;2;0;;;;;Sim;314;58;0
;myth_23;04/07/2021;12/07/2021;23/11/2023;6;4;;;;;Sim;887;8;864
maryanealmeida;nanyalmeida;15/04/2023;23/05/2023;30/11/2023;68;46;12/02/2023;;;;Sim;237;38;191
nathanrm1;nathanrm12;10/05/2023;10/05/2023;23/05/2023;103;81;;;;;Sim;212;0;13
;navarro22;25/06/2020;25/07/2020;30/11/2023;27;13;;;;;Sim;1261;30;1223
nchnogueira;ncnogueira;08/06/2023;08/06/2023;28/06/2023;13;10;;;;;Sim;183;0;20
;neilton_caetano;14/11/2020;14/11/2020;02/09/2023;2;1;;;;;Sim;1119;0;1022
;nelya_777;11/07/2022;11/07/2022;02/10/2023;1;1;;;;;Sim;515;0;448
;nena_bergallo;19/05/2018;27/05/2018;14/10/2023;1;0;;;;;Sim;2029;8;1966
;nonestfinis;16/02/2020;16/02/2020;18/02/2020;3;1;;;;;Sim;1391;0;2
;nunesopedro;16/05/2023;16/05/2023;17/08/2023;7;6;;;;;Sim;206;0;93
ojpedrosaf;ojpedrosaf;05/04/2023;28/04/2023;03/11/2023;30;16;;;;;Sim;247;23;189
cauapc;pablo_caua;14/03/2021;31/03/2023;04/11/2023;467;282;12/02/2023;Antes do curso;374;69;Sim;999;747;218
;pamelapequeno;16/09/2019;26/09/2019;17/06/2023;1;1;;;;;Sim;1544;10;1360
;patrice_ponchant;31/10/2020;31/10/2020;28/08/2022;1;1;;;;;Sim;1133;0;668
;patrickperson;23/04/2019;05/08/2019;02/09/2023;1;1;;;;;Sim;1690;104;1489
;paul127;20/10/2016;20/10/2016;21/11/2023;10;10;;;;;Sim;2605;0;2588
;paulocvr;05/11/2020;05/11/2020;05/11/2020;2;0;;;;;Sim;1128;0;0
;pedro_tavares_nunes;14/04/2021;08/05/2021;21/06/2021;3;2;;;;;Sim;968;24;44
;pedro991;03/06/2022;03/06/2022;20/11/2023;2;2;;;;;Sim;553;0;535
;pedrocaetano;20/07/2022;20/07/2022;16/10/2022;10;10;;;;;Sim;506;0;88
;pedrogc;17/01/2013;04/08/2021;02/11/2023;4;4;;;;;Sim;3977;3121;820
;pedroguerrams;15/03/2021;07/07/2021;03/09/2023;4;4;;;;;Sim;998;114;788
;pejota;27/01/2021;27/01/2021;28/03/2021;5;3;;;;;Sim;1045;0;60
;pfeliz;28/08/2022;28/08/2022;31/08/2022;16;2;;;;;Sim;467;0;3
phillypecaputo;phillype1;06/12/2023;13/05/2023;13/05/2023;1;0;13/05/2023;Depos do curso;0;1;Sim;2;#NÚM!;0
;pietro162;22/11/2021;22/11/2021;22/11/2021;1;0;;;;;Sim;746;0;0
;pinheiro1;31/10/2018;31/10/2018;07/02/2019;3;1;;;;;Sim;1864;0;99
;plinio_elias;25/10/2022;25/10/2022;25/10/2022;1;1;;;;;Sim;409;0;0
;projetomantis;26/06/2018;04/11/2019;20/08/2023;6;2;;;;;Sim;1991;496;1385
;projetophasma;23/01/2020;16/06/2020;04/12/2023;1;1;;;;;Sim;1415;145;1266
;r_a_b;15/01/2019;29/01/2019;21/10/2023;33;15;;;;;Sim;1788;14;1726
;rafaelbessa;08/01/2020;08/01/2020;20/11/2023;2;0;;;;;Sim;1430;0;1412
;rafaellamonteiro;13/06/2020;13/06/2020;13/06/2020;1;0;;;;;Sim;1273;0;0
;rafaelrez;22/08/2020;22/08/2020;18/08/2023;11;6;;;;;Sim;1203;0;1091
;rafaeltravassos;21/11/2019;24/11/2019;03/12/2023;3;2;;;;;Sim;1478;3;1470
;raissa40;13/12/2022;13/12/2022;13/12/2022;1;0;;;;;Sim;360;0;0
;ramona_andrade_xavier;30/09/2020;30/09/2020;30/09/2020;1;0;;;;;Sim;1164;0;0
;rao22;26/12/2022;26/12/2022;31/12/2022;1;1;;;;;Sim;347;0;5
;raphaelsneves;30/10/2022;30/10/2022;30/07/2023;1;1;;;;;Sim;404;0;273
;raquelrenno;13/04/2022;13/04/2022;27/02/2023;2;2;;;;;Sim;604;0;320
;rayssatavares;14/04/2023;14/04/2023;30/06/2023;20;11;;;;;Sim;238;0;77
;rebio-uniao;26/12/2022;26/12/2022;20/03/2023;2;2;;;;;Sim;347;0;84
;regildo;29/08/2021;29/08/2021;29/08/2021;2;0;;;;;Sim;831;0;0
;reginaldo10;26/01/2022;26/01/2022;26/01/2022;1;0;;;;;Sim;681;0;0
;reginaldo12;22/06/2022;22/06/2022;22/06/2022;1;1;;;;;Sim;534;0;0
;ricardo375;04/08/2019;04/08/2019;04/08/2019;1;0;;;;;Sim;1587;0;0
;roberthagiohana;08/04/2023;13/04/2023;13/06/2023;8;4;;;;;Sim;244;5;61
;robson56;02/11/2022;03/12/2022;24/04/2023;2;0;;;;;Sim;401;31;142
;rodneyf;29/05/2019;29/05/2019;24/11/2023;8;7;;;;;Sim;1654;0;1640
;rodrigo-cruz;05/11/2022;05/11/2022;05/11/2022;1;0;;;;;Sim;398;0;0
;rodrigotinoco;30/01/2012;19/04/2021;19/01/2023;25;18;;;;;Sim;4330;3367;640
;rogeriopeccioli;16/05/2023;16/05/2023;26/07/2023;39;25;;;;;Sim;206;0;71
;rogerriodias;21/03/2015;21/11/2020;29/11/2023;23;14;;;;;Sim;3184;2072;1103
;rontavius;31/01/2011;20/08/2012;25/11/2023;1;0;;;;;Sim;4694;567;4114
;rosalaura;02/04/2023;05/08/2023;15/10/2023;25;18;;;;;Sim;250;125;71
;rovaniflresdelima;22/05/2020;03/06/2020;08/02/2023;3;0;;;;;Sim;1295;12;980
;rsouza_25;14/02/2023;14/02/2023;14/02/2023;1;1;;;;;Sim;297;0;0
;samuel639;07/09/2021;07/09/2021;07/09/2021;1;1;;;;;Sim;822;0;0
;samuelbneves;18/05/2023;18/05/2023;28/11/2023;20;11;;;;;Sim;204;0;194
;sejanaturalista;21/12/2020;22/12/2020;20/02/2022;2;1;;;;;Sim;1082;1;425
;sergio438;17/05/2020;17/05/2020;17/05/2020;1;0;;;;;Sim;1300;0;0
;sergio938;17/06/2022;10/01/2023;10/10/2023;4;4;;;;;Sim;539;207;273
;silvio36;10/07/2019;10/07/2019;08/12/2019;2;0;;;;;Sim;1612;0;151
;simonne_teixeira;16/04/2022;16/04/2022;18/11/2023;1;0;;;;;Sim;601;0;581
;soutonm;14/07/2023;14/07/2023;09/11/2023;16;6;;;;;Sim;147;0;118
;srramos;23/04/2020;23/04/2020;23/04/2020;1;0;;;;;Sim;1324;0;0
;ssmeds;23/08/2021;23/08/2021;12/11/2023;26;16;;;;;Sim;837;0;811
;stephany30642;27/10/2023;27/10/2023;01/12/2023;1;1;;;;;Sim;42;0;35
;super12;04/07/2022;04/07/2022;04/07/2022;1;0;;;;;Sim;522;0;0
;taiane5;04/07/2022;04/07/2022;04/07/2022;1;0;;;;;Sim;522;0;0
;talita_cristie;27/02/2022;27/03/2022;27/03/2022;1;0;;;;;Sim;649;28;0
;tati_xavier;04/12/2020;05/12/2020;26/06/2023;4;2;;;;;Sim;1099;1;933
amobichofeio;thallithestickbug;23/10/2019;23/10/2019;09/04/2023;258;86;12/02/2023;;;;Sim;1507;0;1264
;thanial;31/08/2020;31/08/2020;31/08/2020;1;1;;;;;Sim;1194;0;0
;thayanemota;29/04/2023;29/04/2023;29/04/2023;1;0;;;;;Sim;223;0;0
;theo163;31/10/2021;31/10/2021;18/06/2022;6;2;;;;;Sim;768;0;230
thiagocmendes;thiago_mendes;09/03/2021;;;;;;;;;;1004;;
;thiagolyra;27/06/2022;27/06/2022;21/11/2023;32;21;;;;;Sim;529;0;512
;thiagotapias;28/12/2022;28/12/2022;28/07/2023;1;1;;;;;Sim;345;0;212
;thiciana_sasse;23/01/2021;23/01/2021;11/06/2023;18;11;;;;;Sim;1049;0;869
;tiagogarcia;11/06/2020;11/06/2020;21/07/2020;2;1;;;;;Sim;1275;0;40
;tnecc;26/01/2020;26/01/2020;24/02/2020;5;4;;;;;Sim;1412;0;29
;urielbio_;26/12/2021;21/06/2022;21/06/2022;1;1;;;;;Sim;712;177;0
;vanessa_trally;29/08/2023;29/08/2023;13/09/2023;4;4;;;;;Sim;101;0;15
;vechisholm;21/07/2017;23/07/2017;20/08/2023;5;5;;;;;Sim;2331;2;2219
;veronicareis;21/09/2020;21/09/2020;27/05/2021;1;0;;;;;Sim;1173;0;258
;vicentebernard;29/09/2019;04/11/2019;24/01/2023;8;3;;;;;Sim;1531;36;1177
;victor_parente;18/01/2022;18/01/2022;18/09/2022;1;1;;;;;Sim;689;0;234
;victoria61;21/08/2017;21/08/2017;21/11/2023;2;0;;;;;Sim;2300;0;2283
;victormedella;10/01/2020;18/09/2020;14/11/2023;3;3;;;;;Sim;1428;252;1152
;victorsartrio;18/02/2020;21/04/2023;21/04/2023;1;1;;;;;Sim;1389;1158;0
;vinicius144;09/12/2021;09/12/2021;07/09/2022;2;1;;;;;Sim;729;0;272
;vitorbernabe;28/06/2023;30/06/2023;02/07/2023;1;0;;;;;Sim;163;2;2
;vkurtlo;07/06/2020;07/06/2020;20/11/2023;1;1;;;;;Sim;1279;0;1261
;voltz;01/12/2020;01/12/2020;15/01/2023;1;0;;;;;Sim;1102;0;775
;wcostarodrigues;22/04/2018;22/04/2018;21/08/2023;1;1;;;;;Sim;2056;0;1947
;xrvictorsilva;24/08/2022;24/08/2022;02/12/2023;2;2;;;;;Sim;471;0;465
;yagotelles;18/02/2020;18/02/2020;04/05/2020;45;18;;;;;Sim;1389;0;76
;yagotelles1;16/07/2020;16/07/2020;10/06/2023;19;6;;;;;Sim;1240;0;1059
yaixx_ff;yaixx;13/05/2023;13/05/2023;14/05/2023;14;10;13/05/2023;Depos do curso;0;14;Sim;209;0;1
;yandra2;18/01/2023;21/01/2023;03/12/2023;14;5;;;;;Sim;324;3;316
;yasmin_simoes;29/10/2020;29/10/2020;29/10/2020;1;0;;;;;Sim;1135;0;0
;yasmincordeiro;21/05/2023;21/05/2023;30/10/2023;2;0;;;;;Sim;201;0;162
zabellacampos;zabellacampos;;;;;;13/05/2023;;;;;08/12/2023;;
;;;;;;;;;;;;;;
nayradrumond;;;;;;;13/05/2023;;;;;45268;0;0